-- Data Insertion:
INSERT INTO User_Account (Email_ID, Username, Password, Encrypted_Password, First_Name, Last_Name, Gender, Contact_Number, Date_Of_Birth, Account_Type)
VALUES 
('john.doe1@gmail.com', 'johndoe', 'P@ssw0rd', NULL, 'John', 'Doe', 'Male', '1234567890', '1990-01-01', 'Owner'),
('jane.doe@gmail.com', 'janedoe', 'P@ssw0rd', NULL, 'Jane', 'Doe', 'Female', '2345678901', '1992-02-02', 'Buyer'),
('david.jones@gmail.com', 'davidjones', 'P@ssw0rd', NULL, 'David', 'Jones', 'Male', '3456789012', '1985-03-03', 'Tenant'), 
('julia.smith@gmail.com', 'juliasmith', 'P@ssw0rd', NULL, 'Julia', 'Smith', 'Female', '4567890123', '1995-04-04', 'Owner'),
('jacob.johnson@gmail.com', 'jacobjohnson', 'P@ssw0rd', NULL, 'Jacob', 'Johnson', 'Male', '5678901234', '1987-05-05', 'Buyer'),
('emily.davis@gmail.com', 'emilydavis', 'P@ssw0rd', NULL, 'Emily', 'Davis', 'Female', '6789012345', '1991-06-06', 'Tenant'),
('william.brown@gmail.com', 'williambrown', 'P@ssw0rd', NULL, 'William', 'Brown', 'Male', '7890123456', '1986-07-07', 'Owner'),
('olivia.taylor@gmail.com', 'oliviataylor', 'P@ssw0rd', NULL, 'Olivia', 'Taylor', 'Female', '8901234567', '1993-08-08', 'Buyer'),
('ethan.jackson@gmail.com', 'ethanjackson', 'P@ssw0rd', NULL, 'Ethan', 'Jackson', 'Male', '9012345678', '1988-09-09', 'Tenant'),
('ava.moore@gmail.com', 'avamoore', 'P@ssw0rd', NULL, 'Ava', 'Moore', 'Female', '0123456789', '1994-10-10', 'Owner'),
('alicejones@example.com', 'alicejones', 'Alic3j0n$', null, 'Alice', 'Jones', 'Female', '5554567890', '1988-11-03', 'Owner'), 
('davidlee@example.com', 'davidlee', 'Dav1@dl33', null, 'David', 'Lee', 'Male', '5555678901', '1993-08-08', 'Buyer'), 
('susancarter@example.com', 'susancarter', 'C@rt3rS', null, 'Susan', 'Carter', 'Female', '5556789012', '1997-04-22', 'Tenant'), 
('alexnguyen@example.com', 'alexnguyen', 'NguY3n#', null, 'Alex', 'Nguyen', 'Male', '5557890123', '1992-03-14', 'Owner'), 
('emilykim@example.com', 'emilykim', 'K1mEm!ly', null, 'Emily', 'Kim', 'Female', '5558901234', '1989-06-30', 'Buyer'), 
('franklinhan@example.com', 'franklinhan', 'H@nkl1nF', null, 'Franklin', 'Han', 'Male', '5559012345', '1987-09-17', 'Owner'), 
('gracesong@example.com', 'gracesong', 'S0ngGr@c3', null, 'Grace', 'Song', 'Female', '5550123456', '1996-12-05', 'Tenant'),
('john@example.com', 'john123', 'P@ssw0rd', NULL, 'John', 'Doe', 'Male', '1234567890', '1990-05-10', 'Owner'),
('sara@example.com', 'sara456', 'P@ssw0rd', NULL, 'Sara', 'Smith', 'Female', '9876543210', '1988-09-25', 'Owner'),
('mike@example.com', 'mike789', 'P@ssw0rd', NULL, 'Mike', 'Johnson', 'Male', '4567890123', '1995-02-17', 'Owner'),
('lisa@example.com', 'lisa111', 'P@ssw0rd', NULL, 'Lisa', 'Kim', 'Female', '7890123456', '1992-11-03', 'Owner'),
('peter2@example.com', 'peter222', 'P@ssw0rd', NULL, 'Peter', 'Lee', 'Male', '2345678901', '1987-07-21', 'Owner'),
('jane3@example.com', 'jane333', 'P@ssw0rd', NULL, 'Jane', 'Lee', 'Female', '3456789012', '1991-04-14', 'Owner'),
('tim45@example.com', 'tim444', 'P@ssw0rd', NULL, 'Tim', 'Choi', 'Male', '5678901234', '1997-12-30', 'Owner'),
('amy67@example.com', 'amy555', 'P@ssw0rd', NULL, 'Amy', 'Park', 'Female', '6789012345', '1994-08-07', 'Owner'),
('johndoe67@gmail.com', 'johndoe', 'P@ssw0rd', NULL, 'John', 'Doe', 'Male', '9876543210', '1995-05-12', 'Tenant'), 
('janedoe78@gmail.com', 'janedoe', 'S3cur3P@ss', NULL, 'Jane', 'Doe', 'Female', '9876543201', '1993-03-21', 'Tenant'), 
('jimmychoo@yahoo.com', 'jimmychoo', 'C00l1P@ss', NULL, 'Jimmy', 'Choo', 'Male', '9876543202', '1998-08-02', 'Tenant'), 
('lilybaker@gmail.com', 'lilybaker', 'B@ker123', NULL, 'Lily', 'Baker', 'Female', '9876543203', '1991-11-23', 'Tenant'), 
('jasonmraz@hotmail.com', 'jasonmraz', 'Lucky23P@ss', NULL, 'Jason', 'Mraz', 'Male', '9876543204', '1989-06-23', 'Tenant'), 
('hannahmontana@yahoo.com', 'hannahmontana', 'RockOn12P@ss', NULL, 'Hannah', 'Montana', 'Female', '9876543205', '1992-01-07', 'Tenant'), 
('peterparker433@gmail.com', 'peterparker', 'Sp1d3rP@ss', NULL, 'Peter', 'Parker', 'Male', '9876543206', '1996-09-12', 'Tenant'), 
('selenaGomez@hotmail.com', 'selenagomez', 'L0v3lyP@ss', NULL, 'Selena', 'Gomez', 'Female', '9876543207', '1992-07-22', 'Tenant'), 
('robertdowneyjr@yahoo.com', 'robertdowneyjr', 'IronMan12P@ss', NULL, 'Robert', 'Downey Jr.', 'Male', '9876543208', '1965-04-04', 'Tenant'), 
('emmawatson@gmail.com', 'emmawatson', 'Hermione45P@ss', NULL, 'Emma', 'Watson', 'Female', '9876543209', '1990-04-15', 'Tenant'),
('john.doe90@gmail.com', 'johndoe', 'Password@123', NULL, 'John', 'Doe', 'Male', '9876543210', '1990-05-01', 'Buyer'), 
('jane.doe450@gmail.com', 'janedoe', 'Passw@0rd!', NULL, 'Jane', 'Doe', 'Female', '9876543211', '1992-02-14', 'Buyer'), 
('bob.smith34@gmail.com', 'bobsmith', 'SecurePassword@123', NULL, 'Bob', 'Smith', 'Male', '9876543212', '1985-08-22', 'Buyer'), 
('samantha.williams99@gmail.com', 'samanthawilliams', 'P@ssw0rd',null, 'Samantha', 'Williams', 'Female', '9876543213', '1996-11-30', 'Buyer'), 
('david.johnson67@gmail.com', 'davidjohnson', 'David@123', NULL, 'David', 'Johnson', 'Male', '9876543214', '1998-09-12', 'Buyer'), 
('emily.brown22@gmail.com', 'emilybrown', 'Browne@123', NULL, 'Emily', 'Brown', 'Female', '9876543215', '1987-06-23', 'Buyer'), 
('michael.nguyen11@gmail.com', 'michaelnguyen', 'Nguyen@456', NULL, 'Michael', 'Nguyen', 'Male', '9876543216', '1994-03-06', 'Buyer'), 
('ashley.jackson89@gmail.com', 'ashleyjackson', 'Awe1234@567', NULL, 'Ashley', 'Jackson', 'Female', '9876543217', '1991-07-18', 'Buyer'), 
('joshua.thomas23@gmail.com', 'joshuathomas', 'Thomas@890', NULL, 'Joshua', 'Thomas', 'Male', '9876543218', '1993-12-03', 'Buyer'), 
('madison.lee12@gmail.com', 'madisonlee', 'Lee4@5678', NULL, 'Madison', 'Lee', 'Female', '9876543219', '1997-02-28', 'Buyer');

--

INSERT INTO Conditions (Account_ID, Condition_Description) VALUES
(1046, 'No smoking allowed in the apartment.'),
(1047, 'Tenant is responsible for maintaining the garden.'),
(1048, 'No pets allowed in the house.'),
(1049, 'Tenant must provide their own refrigerator.'),
(1050, 'Tenant must pay for their own utilities.'),
(1051, 'Tenant must keep the property clean and tidy.'),
(1052, 'No loud music after 10pm.'),
(1053, 'Tenant must provide their own window coverings.'),
(1054, 'Tenant is responsible for cleaning the carpets before moving out.'),
(1055, 'Tenant must obtain renter insurance before moving in'),
(1056, 'No smoking allowed in the apartment'),
(1057, 'Pets are not allowed on the premises'),
(1058, 'Tenant must give 30 days notice before moving out'),
(1059, 'Tenant must maintain lawn and garden'),
(1060, 'Owner is responsible for all repairs and maintenance'),
(1061, 'Tenant must have renters insurance'),
(1062, 'Tenant is responsible for all utilities'),
(1063, 'No loud music or parties after 10pm'),
(1064, 'Tenant must keep the premises clean and tidy'),
(1065, 'Owner reserves the right to inspect the premises at any time'),
(1066, 'Tenant must park in assigned parking space only'),
(1067, 'Tenant must notify owner of any needed repairs immediately'),
(1068, 'No subletting or short-term rentals allowed'),
(1069, 'Tenant must pay rent on the first of every month'),
(1070, 'Owner reserves the right to enter the premises for repairs or emergencies'),
(1071, 'Tenant must keep noise levels to a minimum'),
(1072, 'Tenant must obtain written permission to make any alterations to the premises'),
(1073, 'Owner is not responsible for damage or loss of tenants personal property'),
(1074, 'Tenant must abide by all local laws and ordinances'),
(1075, 'Owner may terminate lease if tenant violates any of these conditions'),
(1076, 'Tenant must obtain written permission to have overnight guests'),
(1077, 'Tenant must not engage in any illegal activities on the premises'),
(1078, 'Tenant is responsible for any damage caused by their guests'),
(1079, 'Tenant must keep all doors and windows locked at all times'),
(1080, 'Owner may increase rent with 30 days notice'),
(1081, 'Tenant must not use the premises for any commercial or business purposes'),
(1082, 'Tenant must allow owner access to the premises for inspection and repairs'),
(1083, 'Tenant must inform owner of any changes to contact information'),
(1084, 'Tenant must use appliances and fixtures only for their intended purpose'),
(1085, 'Tenant must report any pest infestations to owner immediately'),
(1086, 'Tenant must not alter or remove any existing fixtures or appliances'),
(1087, 'Tenant must not use the premises for any illegal activities'),
(1088, 'Tenant must not store flammable materials on the premises'),
(1089, 'Tenant must not tamper with smoke detectors or fire alarms'),
(1090, 'Owner is not responsible for any injury or harm caused by tenant or tenants guests')

--

INSERT INTO [dbo].[Property] ([Owner_ID], [Address], [City], [State], [Zipcode], [County], [PropertyType]) VALUES 
(1046, '123 Main St', 'New York', 'NY', 10001, 'New York County', 'Rental'),
(1049, '456 Elm St', 'Los Angeles', 'CA', 90001, 'Los Angeles County', 'Rental'),
(1052, '789 Oak St', 'Chicago', 'IL', 60601, 'Cook County', 'Rental'),
(1055, '321 Maple St', 'Houston', 'TX', 77001, 'Harris County', 'Rental'),
(1056, '654 Pine St', 'Miami', 'FL', 33101, 'Miami-Dade County', 'Rental'),
(1059, '987 Cedar St', 'Boston', 'MA', 02101, 'Suffolk County', 'Rental'),
(1061, '246 Walnut St', 'Seattle', 'WA', 98101, 'King County', 'Rental'),
(1063, '369 Grove Ave', 'San Francisco', 'CA', 94101, 'San Francisco County', 'Sale'),
(1064, '802 Birch Rd', 'Dallas', 'TX', 75201, 'Dallas County', 'Sale'),
(1065, '1470 Spruce St', 'Philadelphia', 'PA', 19101, 'Philadelphia County', 'Sale'),
(1066, '2155 Pinecrest Dr', 'Atlanta', 'GA', 30301, 'Fulton County', 'Sale'),
(1067, '3905 Oakwood Ln', 'Denver', 'CO', 80201, 'Denver County', 'Sale'),
(1068, '5150 Birchwood Ln', 'San Diego', 'CA', 92101, 'San Diego County', 'Sale'),
(1069, '6620 Maplewood Dr', 'Phoenix', 'AZ', 85001, 'Maricopa County', 'Sale'),
(1070, '8200 Cedarcrest Ave', 'Portland', 'OR', 97201, 'Multnomah County', 'Sale'),
(1046, '1122 Oakridge Dr', 'Austin', 'TX', 78701, 'Travis County', 'Rental'),
(1059, '2211 Pine St', 'New Orleans', 'LA', 70112, 'Orleans Parish', 'Rental'),
(1061, '3322 Maple Rd', 'Seattle', 'WA', 98101, 'King County', 'Rental'),
(1067, '4400 Elmwood Ave', 'Detroit', 'MI', 48201, 'Wayne County', 'Sale'),
(1046, '5533 Walnut Ln', 'Las Vegas', 'NV', 89101, 'Clark County', 'Sale'),
(1065, '6644 Cedar Blvd', 'San Antonio', 'TX', 78201, 'Bexar County', 'Sale')

--
INSERT INTO [dbo].[Rental_Property] ([Rent_Property_ID], [Property_Rent], [Property_Rating]) VALUES
(210001, 1500, 4),
(210002, 2000, 3),
(210003, 1750, 5),
(210004, 1900, 4),
(210005, 1200, 2),
(210006, 2200, 5),
(210007, 1850, 3),
(210016, 1300, 4),
(210017, 1700, 2),
(210018, 2400, 5)

--
INSERT INTO [dbo].[Lease_Agreement] ([Rent_Property_ID], [No_Of_Tenants], [Security_Deposit], [Agreement_Date], [Agreement_Duration_Months]) VALUES
(210001, 2, 1000, '2022-01-01', 12),
(210002, 1, 1000, '2022-02-15', 6),
(210003, 3, 500, '2022-03-10', 9),
(210004, 2, 1500, '2022-04-20', 12),
(210005, 4, 800, '2022-05-05', 6),
(210006, 4, 3000, '2022-06-15', 12),
(210007, 2, 1200, '2022-07-01', 6),
(210016, 3, 1000, '2022-08-10', 9),
(210017, 3, 1800, '2022-09-20', 12),
(210018, 2, 1200, '2022-10-05', 6)

--

INSERT INTO [dbo].[Property_Details] ([Property_ID], [No_of_Beds], [No_of_Baths], [Area_in_SqFt], [Parking], [Laundry], [Heating], [Hot_Water_Availabilty], [Pets_Allowance])
VALUES (210001, 2, 1, 1000, 'Yes', 'Yes', 'Yes', 'Yes', 'No'),
       (210002, 3, 2, 1500, 'Yes', 'No', 'Yes', 'No', 'Yes'),
       (210003, 1, 1, 800, 'No', 'No', 'No', 'No', 'No'),
       (210004, 2, 2, 1200, 'Yes', 'Yes', 'Yes', 'Yes', 'No'),
       (210005, 1, 1, 700, 'No', 'No', 'No', 'No', 'Yes'),
       (210006, 3, 2, 1600, 'Yes', 'Yes', 'Yes', 'Yes', 'Yes'),
       (210007, 4, 3, 2000, 'Yes', 'Yes', 'Yes', 'Yes', 'No'),
       (210008, 2, 2, 1100, 'No', 'Yes', 'Yes', 'No', 'No'),
       (210009, 1, 1, 750, 'Yes', 'No', 'No', 'No', 'No'),
       (210010, 2, 1, 900, 'Yes', 'Yes', 'Yes', 'No', 'Yes'),
       (210011, 1, 1, 800, 'No', 'No', 'No', 'No', 'No'),
       (210012, 3, 2, 1400, 'Yes', 'Yes', 'Yes', 'Yes', 'Yes'),
       (210013, 2, 1, 950, 'Yes', 'No', 'No', 'No', 'No'),
       (210014, 1, 1, 600, 'No', 'No', 'No', 'No', 'Yes'),
       (210015, 2, 2, 1300, 'No', 'Yes', 'Yes', 'No', 'No'),
       (210016, 3, 2, 1700, 'Yes', 'Yes', 'Yes', 'Yes', 'No'),
       (210017, 1, 1, 850, 'Yes', 'No', 'No', 'No', 'No'),
       (210018, 2, 1, 1000, 'Yes', 'Yes', 'Yes', 'Yes', 'Yes'),
       (210019, 1, 1, 700, 'No', 'No', 'No', 'No', 'No'),
       (210020, 2, 2, 1200, 'Yes', 'Yes', 'Yes', 'No', 'No'),
       (210021, 3, 3, 1800, 'Yes', 'Yes', 'Yes', 'Yes', 'Yes')

    --
    
INSERT INTO [dbo].[Sale_Property] ([Sale_Property_ID], [Purchase_Amount], [Sale_Type]) 
VALUES 
(210008, 500000, 'Resale'), 
(210009, 750000, 'New Construction'), 
(210010, 900000, 'Resale'),
(210011, 650000, 'New Construction'),
(210012, 800000, 'Resale'),
(210013, 1000000, 'New Construction'),
(210014, 550000, 'Resale'),
(210015, 720000, 'New Construction'),
(210019, 950000, 'Resale'),
(210020, 820000, 'New Construction'),
(210021, 680000, 'Resale')

--

INSERT INTO [dbo].[Transaction_Details] ([Property_ID], [Account_ID], [Owner_ID], [Payment_Amount], [Card_Number], [Encrypted_Card_Number], [Payment_Mode])
VALUES (210001, 1046, 1046, 1500.00, '4111111111111111', null, 'Credit Card'),
 (210003, 1052, 1052, 1750.00, '5555555555554444', null, 'Credit Card'), 
(210004, 1055, 1055, 1900.00, '378282246310005', null, 'Credit Card'),
(210007, 1061, 1061, 1850.00, '371449635398431', null, 'Credit Card'),
 (210008, 1063, 1063, 350000.00, '6011111111111117', null, 'Credit Card'),
 (210013, 1068, 1068, 600000.00, '30569309025904', null, 'Credit Card'),
 (210014, 1069, 1069, 300000.00, '6011000990139424', null, 'Credit Card'),
 (210009, 1064, 1064, 600000.00, '3530111333300000', null, 'Credit Card'),
 (210020, 1046, 1046, 550000.00, '4111111111111111', null, 'Credit Card'),
 (210021, 1065, 1065, 150000.00, '3530333333300000',null,'Credit Card')

 --

INSERT INTO [dbo].[Purchase_Agreement] (Buyer_ID, Sale_Property_ID, Realtor_Commission, Contract_Date)
VALUES (1047, 210008, '2%', '2022-03-01'),
       (1053, 210009, '3%', '2022-03-02'),
       (1057, 210010, '1.5%', '2022-03-03'),
       (1060, 210011, '2.5%', '2022-03-04'),
       (1081, 210012, '2%', '2022-03-05'),
       (1083, 210013, '1%', '2022-03-06'),
       (1085, 210014, '3%', '2022-03-07'),
       (1086, 210015, '1.5%', '2022-03-08'),
       (1087, 210019, '2%', '2022-03-09'),
       (1088, 210020, '2.5%', '2022-03-10'),
       (1090, 210021, '3%', '2022-03-11');











